#ID,SubType#,RT 1,RId 1,RT 2,RId 2,RT 3," RId3",RT 4," RId4",RT 5," RId5"
1,1,,,,,,,,,,
2,1,,,,,,,,,,
3,1,,,,,,,,,,
4,1,,,,,,,,,,
5,1,,,,,,,,,,
6,1,,,,,,,,,,
7,1,,,,,,,,,,
8,1,,,,,,,,,,
9,1,,,,,,,,,,
10,1,,,,,,,,,,
11,1,,,,,,,,,,
12,1,,,,,,,,,,
13,,,,,,,,,,,
14,5,1,10697,,,,,,,,
15,5,1,10698,,,,,,,,
16,,,,,,,,,,,
17,,,,,,,,,,,
18,,,,,,,,,,,
19,,,,,,,,,,,
20,35,1,11062,,,,,,,,
21,5,,,,,,,,,,
22,5,,,,,,,,,,
23,5,,,,,,,,,,
24,5,,,,,,,,,,
25,5,,,,,,,,,,
26,5,,,,,,,,,,
27,5,,,,,,,,,,
28,5,,,,,,,,,,
29,5,,,,,,,,,,
30,5,,,,,,,,,,
31,35,,,,,,,,,,
32,35,,,,,,,,,,
33,35,,,,,,,,,,
34,35,,,,,,,,,,
35,35,,,,,,,,,,
36,35,,,,,,,,,,
37,35,,,,,,,,,,
38,35,,,,,,,,,,
39,35,,,,,,,,,,
40,35,,,,,,,,,,
41,44,,,,,,,,,,
42,44,,,,,,,,,,
43,44,,,,,,,,,,
44,44,,,,,,,,,,
45,,,,,,,,,,,
46,38,1,11096,,,,,,,,
47,38,1,11097,,,,,,,,
48,38,1,11098,,,,,,,,
49,,,,,,,,,,,
50,16,,,,,,,,,,
51,16,,,,,,,,,,
52,16,,,,,,,,,,
53,38,1,10921,,,,,,,,
54,38,1,11099,,,,,,,,
55,107,,50,,,,,,,,
56,107,,50,,,,,,,,
57,107,,50,,,,,,,,
58,107,,50,,,,,,,,
59,107,,50,,,,,,,,
60,107,,50,,,,,,,,
61,107,,50,,,,,,,,
62,107,,50,,,,,,,,
63,107,,50,,,,,,,,
64,107,,50,,,,,,,,
65,107,1,11509,,,,,,,,
66,107,1,11506,,,,,,,,
67,107,1,11507,1,11508,,,,,,
68,107,1,11646,1,11647,,,,,,
69,107,1,9588,,,,,,,,
70,107,1,9589,,,,,,,,
71,,,,,,,,,,,
72,,,,,,,,,,,
73,,,,,,,,,,,
74,,,,,,,,,,,
75,,,,,,,,,,,
76,,,,,,,,,,,
77,,,,,,,,,,,
78,,,,,,,,,,,
79,,,,,,,,,,,
80,,,,,,,,,,,
81,,,,,,,,,,,
82,,,,,,,,,,,
83,,,,,,,,,,,
84,,,,,,,,,,,
85,,,,,,,,,,,
86,,,,,,,,,,,
87,,,,,,,,,,,
88,,,,,,,,,,,
89,,,,,,,,,,,
90,,,,,,,,,,,
91,,,,,,,,,,,
92,,,,,,,,,,,
93,,,,,,,,,,,
94,,,,,,,,,,,
95,,,,,,,,,,,
96,,,,,,,,,,,
97,,,,,,,,,,,
98,,,,,,,,,,,
99,,,,,,,,,,,
100,,,,,,,,,,,
101,,,,,,,,,,,
102,,,,,,,,,,,
103,13,1,11103,,,,,,,,
104,13,1,11104,,,,,,,,
105,13,1,11105,,,,,,,,
106,13,1,11106,,,,,,,,
107,23,1,11107,,,,,,,,
108,23,1,11108,,,,,,,,
109,23,1,11109,,,,,,,,
110,6,1,11110,,,,,,,,
111,20,1,11111,,,,,,,,
112,20,1,11112,,,,,,,,
113,20,1,11113,,,,,,,,
114,20,1,11114,,,,,,,,
115,20,1,11115,,,,,,,,
116,20,1,11116,,,,,,,,
117,20,1,11117,,,,,,,,
118,20,1,11118,,,,,,,,
119,20,1,11119,,,,,,,,
120,20,1,11120,,,,,,,,
121,16,1,11121,,,,,,,,
122,16,1,11122,,,,,,,,
123,16,1,11123,7,205489,7,205507,,,,
124,16,7,205490,,,,,,,,
125,16,7,205491,,,,,,,,
126,22,1,11126,,,,,,,,
127,22,1,11127,,,,,,,,
128,22,1,11128,,,,,,,,
129,22,1,11129,,,,,,,,
130,22,1,11130,,,,,,,,
131,22,1,11131,,,,,,,,
132,22,1,11132,,,,,,,,
133,22,1,11133,,,,,,,,
134,22,1,11134,,,,,,,,
135,23,1,11135,,,,,,,,
136,23,1,11136,,,,,,,,
137,23,1,11137,,,,,,,,
138,29,1,11138,,,,,,,,
139,29,1,11139,,,,,,,,
140,29,1,11140,,,,,,,,
141,29,1,11141,,,,,,,,
142,29,1,11142,,,,,,,,
143,29,1,11143,,,,,,,,
144,25,1,11144,,,,,,,,
145,25,1,11145,,,,,,,,
146,25,1,11146,,,,,,,,
147,25,1,11147,,,,,,,,
148,25,1,11148,,,,,,,,
149,27,1,11149,,,,,,,,
150,27,1,11150,,,,,,,,
151,27,1,11151,,,,,,,,
152,27,1,11152,,,,,,,,
153,27,1,11153,,,,,,,,
154,2,1,11154,,,,,,,,
155,2,1,11155,,,,,,,,
156,2,7,205478,,,,,,,,
157,2,7,205479,,,,,,,,
158,2,7,205480,,,,,,,,
159,1,1,11159,,,,,,,,
160,1,1,11160,,,,,,,,
161,1,1,11161,,,,,,,,
162,1,1,11162,,,,,,,,
163,1,1,11163,,,,,,,,
164,26,1,11164,,,,,,,,
165,26,1,11165,,,,,,,,
166,26,7,205466,,,,,,,,
167,26,7,205469,,,,,,,,
168,26,7,205472,,,,,,,,
169,20,1,11169,,,,,,,,
170,20,1,11170,,,,,,,,
171,20,1,11171,,,,,,,,
172,20,1,11172,,,,,,,,
173,20,1,11173,,,,,,,,
174,31,1,11174,,,,,,,,
175,31,1,11175,,,,,,,,
176,31,7,205212,,,,,,,,
177,31,7,205213,,,,,,,,
178,31,7,205214,,,,,,,,
179,31,1,11179,,,,,,,,
180,31,1,11180,,,,,,,,
181,31,7,205209,,,,,,,,
182,31,7,205210,,,,,,,,
183,31,7,205211,,,,,,,,
184,31,1,11184,,,,,,,,
185,31,1,11185,,,,,,,,
186,31,7,205215,,,,,,,,
187,31,7,205216,,,,,,,,
188,31,7,205217,,,,,,,,
189,14,1,11189,,,,,,,,
190,14,7,205414,,,,,,,,
191,14,7,205415,,,,,,,,
192,14,7,205416,,,,,,,,
193,14,1,11193,,,,,,,,
194,14,7,205441,,,,,,,,
195,14,7,205442,,,,,,,,
196,14,7,205443,,,,,,,,
197,23,1,11197,,,,,,,,
198,23,1,11198,,,,,,,,
199,23,1,11199,,,,,,,,
200,40,1,11200,,,,,,,,
201,40,1,11201,,,,,,,,
202,40,1,11202,,,,,,,,
203,40,1,11203,,,,,,,,
204,40,1,11204,,,,,,,,
205,40,1,11205,,,,,,,,
206,5,1,11206,,,,,,,,
207,5,1,11207,,,,,,,,
208,5,1,11208,,,,,,,,
209,5,7,80102,,,,,,,,
210,32,1,11210,,,,,,,,
211,32,1,11211,,,,,,,,
212,32,1,11212,,,,,,,,
213,32,1,11213,,,,,,,,
214,32,1,11214,,,,,,,,
215,35,1,11215,,,,,,,,
216,35,1,11216,,,,,,,,
217,35,1,11217,7,205498,,,,,,
218,35,1,11218,7,205499,,,,,,
219,35,1,11219,7,205500,,,,,,
220,16,1,11220,,,,,,,,
221,16,1,11221,,,,,,,,
222,16,1,11222,,,,,,,,
223,16,1,11223,,,,,,,,
224,16,1,11224,,,,,,,,
225,16,7,205475,,,,,,,,
226,16,7,205476,,,,,,,,
227,16,7,205477,,,,,,,,
228,14,1,11228,,,,,,,,
229,14,7,205423,,,,,,,,
230,14,7,205424,,,,,,,,
231,14,7,205425,,,,,,,,
232,15,1,11232,,,,,,,,
233,15,1,11233,,,,,,,,
234,15,7,205405,,,,,,,,
235,15,7,205406,,,,,,,,
236,15,7,205407,,,,,,,,
237,15,1,11237,,,,,,,,
238,15,1,11238,,,,,,,,
239,15,7,205450,,,,,,,,
240,15,7,205451,,,,,,,,
241,15,7,205452,,,,,,,,
242,20,1,11242,,,,,,,,
243,20,7,205432,,,,,,,,
244,20,7,205433,,,,,,,,
245,20,7,205434,,,,,,,,
246,20,1,11246,,,,,,,,
247,20,1,11247,,,,,,,,
248,20,1,11248,,,,,,,,
249,20,1,11249,,,,,,,,
250,18,1,11250,,,,,,,,
251,18,1,11251,,,,,,,,
252,18,1,11252,,,,,,,,
253,18,1,11253,,,,,,,,
254,27,1,11254,,,,,,,,
255,27,1,11255,,,,,,,,
256,27,1,11256,,,,,,,,
257,27,1,11257,,,,,,,,
258,21,1,11258,,,,,,,,
259,21,1,11259,,,,,,,,
260,21,1,11260,,,,,,,,
261,21,1,11261,,,,,,,,
262,21,1,11262,,,,,,,,
263,21,1,11263,,,,,,,,
264,21,1,11264,,,,,,,,
265,21,1,11265,,,,,,,,
266,21,1,11266,,,,,,,,
267,21,1,11267,,,,,,,,
268,21,1,11268,,,,,,,,
269,21,1,11269,,,,,,,,
270,21,1,11270,,,,,,,,
271,21,1,11271,,,,,,,,
272,21,1,11272,,,,,,,,
273,21,7,205465,,,,,,,,
274,21,7,205464,,,,,,,,
275,21,7,205463,,,,,,,,
276,21,7,205462,,,,,,,,
277,21,7,205461,,,,,,,,
278,35,1,11278,,,,,,,,
279,35,1,11279,7,205504,,,,,,
280,35,7,205505,,,,,,,,
281,35,7,205506,,,,,,,,
282,35,1,11282,,,,,,,,
283,35,1,11283,,,,,,,,
284,35,7,205519,,,,,,,,
285,35,7,205520,,,,,,,,
286,35,7,205521,,,,,,,,
287,32,1,11287,,,,,,,,
288,32,1,11288,,,,,,,,
289,32,1,11289,,,,,,,,
290,32,1,11290,,,,,,,,
291,32,1,11291,,,,,,,,
292,27,1,11292,,,,,,,,
293,27,1,11293,,,,,,,,
294,27,1,11294,,,,,,,,
295,27,1,11295,,,,,,,,
296,23,1,11296,,,,,,,,
297,23,1,11297,,,,,,,,
298,23,1,11298,,,,,,,,
299,5,1,11299,,,,,,,,
300,107,1,10901,,,,,,,,
301,28,1,11301,,,,,,,,
302,28,1,11302,,,,,,,,
303,28,1,11303,,,,,,,,
304,28,1,11304,,,,,,,,
305,28,1,11305,,,,,,,,
306,28,1,11306,,,,,,,,
307,28,1,11307,,,,,,,,
308,28,1,11308,,,,,,,,
309,28,1,11309,,,,,,,,
310,38,1,11311,,,,,,,,
311,38,1,11312,,,,,,,,
312,38,1,11313,,,,,,,,
313,38,1,11314,,,,,,,,
314,38,1,11315,,,,,,,,
315,38,1,11316,,,,,,,,
316,38,1,11317,,,,,,,,
317,38,1,11318,,,,,,,,
318,38,1,11319,,,,,,,,
319,38,1,11320,,,,,,,,
320,38,1,11321,,,,,,,,
321,38,1,11322,,,,,,,,
322,38,1,11323,,,,,,,,
323,38,1,11324,,,,,,,,
324,38,1,11325,,,,,,,,
325,38,1,11326,,,,,,,,
326,38,1,11327,,,,,,,,
327,38,1,11328,,,,,,,,
328,38,1,11329,,,,,,,,
329,38,1,11330,,,,,,,,
330,38,1,11331,,,,,,,,
331,38,1,11332,,,,,,,,
332,38,1,11333,,,,,,,,
333,38,1,11334,,,,,,,,
334,38,1,11335,,,,,,,,
335,18,1,11336,,,,,,,,
336,18,1,11337,,,,,,,,
337,18,1,11338,,,,,,,,
338,18,1,11339,,,,,,,,
339,18,1,11340,,,,,,,,
340,18,1,11341,,,,,,,,
341,18,1,11342,,,,,,,,
342,18,1,11343,,,,,,,,
343,33,1,11344,,,,,,,,
344,33,1,11345,,,,,,,,
345,33,1,11346,,,,,,,,
346,33,1,11347,,,,,,,,
347,33,1,11348,,,,,,,,
348,33,1,11349,,,,,,,,
349,33,1,11350,,,,,,,,
350,33,1,11351,,,,,,,,
351,42,1,11352,,,,,,,,
352,42,1,11353,,,,,,,,
353,42,1,11354,,,,,,,,
354,42,1,11355,,,,,,,,
355,42,1,11356,,,,,,,,
356,42,1,11357,,,,,,,,
357,16,1,11358,,,,,,,,
358,16,1,11359,,,,,,,,
359,16,1,11360,,,,,,,,
360,39,1,11361,,,,,,,,
361,39,1,11362,,,,,,,,
362,39,1,11363,,,,,,,,
363,39,1,11364,,,,,,,,
364,39,1,11365,,,,,,,,
365,39,1,11366,,,,,,,,
366,39,,,,,,,,,,
367,39,,,,,,,,,,
368,39,,,,,,,,,,
369,39,,,,,,,,,,
370,39,,,,,,,,,,
371,39,,,,,,,,,,
372,39,1,11373,,,,,,,,
373,39,1,11374,,,,,,,,
374,39,1,11375,,,,,,,,
375,23,1,11376,,,,,,,,
376,23,1,11377,,,,,,,,
377,23,1,11378,,,,,,,,
378,23,1,11379,,,,,,,,
379,23,1,11380,,,,,,,,
380,23,1,11381,,,,,,,,
381,23,1,11382,,,,,,,,
382,23,1,11383,,,,,,,,
383,23,1,11384,,,,,,,,
384,23,1,11385,,,,,,,,
385,23,1,11386,,,,,,,,
386,23,1,11387,,,,,,,,
387,23,1,11388,,,,,,,,
388,23,1,11389,,,,,,,,
389,23,1,11390,,,,,,,,
390,23,1,11391,,,,,,,,
391,23,1,11392,,,,,,,,
392,23,1,11393,,,,,,,,
393,14,1,11394,,,,,,,,
394,14,1,11395,,,,,,,,
395,14,1,11396,,,,,,,,
396,14,1,11397,,,,,,,,
397,39,1,11398,,,,,,,,
398,39,1,11399,,,,,,,,
399,39,1,11400,,,,,,,,
400,39,1,11401,,,,,,,,
401,23,1,11402,,,,,,,,
402,27,1,11403,,,,,,,,
403,27,1,11404,,,,,,,,
404,27,1,11405,,,,,,,,
405,27,1,11406,,,,,,,,
406,41,1,11407,,,,,,,,
407,41,1,11408,,,,,,,,
408,41,1,11409,,,,,,,,
409,41,1,11410,,,,,,,,
410,41,1,11411,,,,,,,,
411,41,1,11412,,,,,,,,
412,27,1,11413,,,,,,,,
413,27,1,11414,,,,,,,,
414,27,1,11415,,,,,,,,
415,41,1,11416,,,,,,,,
416,41,1,11417,,,,,,,,
417,41,1,11418,,,,,,,,
418,41,1,11419,,,,,,,,
419,41,1,11420,,,,,,,,
420,41,1,11421,,,,,,,,
421,41,1,11422,,,,,,,,
422,41,1,11423,,,,,,,,
423,41,1,11424,,,,,,,,
424,41,1,11425,,,,,,,,
425,41,1,11426,,,,,,,,
426,41,1,11427,,,,,,,,
427,41,1,11428,,,,,,,,
428,41,1,11429,,,,,,,,
429,41,1,11430,,,,,,,,
430,41,1,11431,,,,,,,,
431,41,1,11432,,,,,,,,
432,41,1,11433,,,,,,,,
433,41,1,11434,,,,,,,,
434,41,1,11435,,,,,,,,
435,41,1,11436,,,,,,,,
436,41,1,11437,,,,,,,,
437,41,1,11438,,,,,,,,
438,41,1,11439,,,,,,,,
439,41,1,11440,,,,,,,,
440,41,1,11441,,,,,,,,
441,41,1,11442,,,,,,,,
442,41,1,11443,,,,,,,,
443,41,1,11444,,,,,,,,
444,41,1,11445,,,,,,,,
445,41,1,11446,,,,,,,,
446,41,1,11447,,,,,,,,
447,38,,50,,,,,,,,
448,38,,50,,,,,,,,
449,38,,50,,,,,,,,
450,38,,50,,,,,,,,
451,112,,50,,,,,,,,
452,112,,50,,,,,,,,
453,112,,50,,,,,,,,
454,112,,50,,,,,,,,
455,112,1,10873,,,,,,,,
456,112,,50,,,,,,,,
457,38,,66,,,,,,,,
458,38,,66,,,,,,,,
459,38,,66,,,,,,,,
460,38,,66,,,,,,,,
461,38,,66,,,,,,,,
462,38,,66,,,,,,,,
463,38,,66,,,,,,,,
464,38,,66,,,,,,,,
465,38,,66,,,,,,,,
466,38,,66,,,,,,,,
467,,,,,,,,,,,
468,24,1,11468,,,,,,,,
469,24,1,11469,,,,,,,,
470,24,1,11470,,,,,,,,
471,24,1,11471,,,,,,,,
472,24,1,11472,,,,,,,,
473,24,1,11473,,,,,,,,
474,24,1,11474,,,,,,,,
475,24,1,11475,,,,,,,,
476,24,1,11476,,,,,,,,
477,24,1,11477,,,,,,,,
478,24,1,11478,,,,,,,,
479,24,1,11479,,,,,,,,
480,24,1,11480,,,,,,,,
481,24,1,11481,,,,,,,,
482,24,1,11482,,,,,,,,
483,24,1,11483,,,,,,,,
484,24,1,11484,,,,,,,,
485,24,1,11485,,,,,,,,
486,24,1,11486,,,,,,,,
487,24,1,11487,,,,,,,,
488,24,1,11488,,,,,,,,
489,24,1,11489,,,,,,,,
490,24,1,11490,,,,,,,,
491,24,1,11491,,,,,,,,
492,24,1,11492,,,,,,,,
493,24,1,11493,,,,,,,,
494,24,1,11494,,,,,,,,
495,24,1,11495,,,,,,,,
496,24,1,11496,,,,,,,,
497,24,1,11497,,,,,,,,
498,24,1,11498,,,,,,,,
499,24,1,11499,,,,,,,,
500,,,,,,,,,,,
501,,,,,,,,,,,
502,,,,,,,,,,,
503,3,,,,,,,,,,
504,3,,,,,,,,,,
505,178,,,,,,,,,,
506,178,,,,,,,,,,
507,178,,,,,,,,,,
508,178,,,,,,,,,,
509,178,,,,,,,,,,
510,178,,,,,,,,,,
511,178,,,,,,,,,,
512,178,,,,,,,,,,
513,178,,,,,,,,,,
514,178,,,,,,,,,,
515,178,,,,,,,,,,
516,178,,,,,,,,,,
517,178,,,,,,,,,,
518,178,,,,,,,,,,
519,3,,,,,,,,,,
520,,,,,,,,,,,
521,,,,,,,,,,,
522,,,,,,,,,,,
523,,,,,,,,,,,
524,,,,,,,,,,,
525,,,,,,,,,,,
526,,,,,,,,,,,
527,,,,,,,,,,,
528,,,,,,,,,,,
529,3,,,,,,,,,,
530,3,,,,,,,,,,
531,3,,,,,,,,,,
532,3,,,,,,,,,,
533,,,,,,,,,,,
534,,,,,,,,,,,
535,,,,,,,,,,,
536,,,,,,,,,,,
537,,,,,,,,,,,
538,,,,,,,,,,,
539,,,,,,,,,,,
540,,,,,,,,,,,
541,3,,,,,,,,,,
542,,,,,,,,,,,
543,,,,,,,,,,,
544,,,,,,,,,,,
545,,,,,,,,,,,
546,36,,,,,,,,,,
547,50,,,,,,,,,,
548,50,,,,,,,,,,
549,51,,,,,,,,,,
550,51,,,,,,,,,,
551,51,,,,,,,,,,
552,51,,,,,,,,,,
553,52,,,,,,,,,,
554,52,,,,,,,,,,
555,52,,,,,,,,,,
556,52,,,,,,,,,,
557,52,,,,,,,,,,
558,52,,,,,,,,,,
559,52,,,,,,,,,,
560,53,,,,,,,,,,
561,53,,,,,,,,,,
562,53,,,,,,,,,,
563,53,,,,,,,,,,
564,54,,,,,,,,,,
565,55,,,,,,,,,,
566,56,,,,,,,,,,
567,57,,,,,,,,,,
568,57,,,,,,,,,,
569,58,,,,,,,,,,
570,58,,,,,,,,,,
571,59,,,,,,,,,,
572,59,,,,,,,,,,
573,59,,,,,,,,,,
574,59,,,,,,,,,,
575,60,,,,,,,,,,
576,60,,,,,,,,,,
577,60,,,,,,,,,,
578,61,,,,,,,,,,
579,62,,,,,,,,,,
580,62,,,,,,,,,,
581,63,,,,,,,,,,
582,63,,,,,,,,,,
583,63,,,,,,,,,,
584,63,,,,,,,,,,
585,64,,,,,,,,,,
586,64,,,,,,,,,,
587,64,,,,,,,,,,
588,64,,,,,,,,,,
589,64,,,,,,,,,,
590,64,,,,,,,,,,
591,65,,,,,,,,,,
592,66,,,,,,,,,,
593,66,,,,,,,,,,
594,67,,,,,,,,,,
595,67,,,,,,,,,,
596,67,,,,,,,,,,
597,67,,,,,,,,,,
598,67,,,,,,,,,,
599,67,,,,,,,,,,
600,68,,,,,,,,,,
601,68,,,,,,,,,,
602,68,,,,,,,,,,
603,69,,,,,,,,,,
604,70,,,,,,,,,,
605,71,,,,,,,,,,
606,72,,,,,,,,,,
607,73,,,,,,,,,,
608,73,,,,,,,,,,
609,74,,,,,,,,,,
610,75,,,,,,,,,,
611,75,,,,,,,,,,
612,75,,,,,,,,,,
613,76,,,,,,,,,,
614,76,,,,,,,,,,
615,77,,,,,,,,,,
616,77,,,,,,,,,,
617,78,,,,,,,,,,
618,78,,,,,,,,,,
619,78,,,,,,,,,,
620,79,,,,,,,,,,
621,79,,,,,,,,,,
622,79,,,,,,,,,,
623,53,,,,,,,,,,
624,53,,,,,,,,,,
625,53,,,,,,,,,,
626,80,,,,,,,,,,
627,81,,,,,,,,,,
628,82,,,,,,,,,,
629,82,,,,,,,,,,
630,83,,,,,,,,,,
631,84,,,,,,,,,,
632,84,,,,,,,,,,
633,84,,,,,,,,,,
634,85,,,,,,,,,,
635,86,,,,,,,,,,
636,87,,,,,,,,,,
637,88,,,,,,,,,,
638,89,,,,,,,,,,
639,89,,,,,,,,,,
640,89,,,,,,,,,,
641,90,,,,,,,,,,
642,91,,,,,,,,,,
643,92,,,,,,,,,,
644,92,,,,,,,,,,
645,92,,,,,,,,,,
646,93,,,,,,,,,,
647,93,,,,,,,,,,
648,93,,,,,,,,,,
649,93,,,,,,,,,,
650,93,,,,,,,,,,
651,93,,,,,,,,,,
652,94,,,,,,,,,,
653,95,,,,,,,,,,
654,96,,,,,,,,,,
655,96,,,,,,,,,,
656,96,,,,,,,,,,
657,96,,,,,,,,,,
658,96,,,,,,,,,,
659,96,,,,,,,,,,
660,96,,,,,,,,,,
661,97,,,,,,,,,,
662,97,,,,,,,,,,
663,97,,,,,,,,,,
664,98,,,,,,,,,,
665,98,,,,,,,,,,
666,99,,,,,,,,,,
667,99,,,,,,,,,,
668,99,,,,,,,,,,
669,100,,,,,,,,,,
670,100,,,,,,,,,,
671,100,,,,,,,,,,
672,101,,,,,,,,,,
673,101,,,,,,,,,,
674,101,,,,,,,,,,
675,36,,,,,,,,,,
676,36,,,,,,,,,,
677,36,,,,,,,,,,
678,36,,,,,,,,,,
679,36,,,,,,,,,,
680,36,,,,,,,,,,
681,36,,,,,,,,,,
682,36,,,,,,,,,,
683,37,,,,,,,,,,
684,37,,,,,,,,,,
685,37,,,,,,,,,,
686,37,,,,,,,,,,
687,37,,,,,,,,,,
688,37,,,,,,,,,,
689,37,,,,,,,,,,
690,37,,,,,,,,,,
691,109,,50,,,,,,,,
692,109,,50,,,,,,,,
693,109,,50,,,,,,,,
694,109,,50,,,,,,,,
695,109,,50,,,,,,,,
696,109,,50,,,,,,,,
697,109,,50,,,,,,,,
698,109,,50,,,,,,,,
699,109,,50,,,,,,,,
700,,,,,,,,,,,
701,109,1,10868,,,,,,,,
702,109,1,10945,,,,,,,,
703,109,1,10946,,,,,,,,
704,109,1,10947,,,,,,,,
705,109,1,10948,,,,,,,,
706,,,,,,,,,,,
707,,,,,,,,,,,
708,,,,,,,,,,,
709,108,,50,,,,,,,,
710,108,,50,,,,,,,,
711,108,,,,,,,,,,
712,108,,50,,,,,,,,
713,108,,50,,,,,,,,
714,108,,50,,,,,,,,
715,108,,50,,,,,,,,
716,108,,50,,,,,,,,
717,108,,50,,,,,,,,
718,108,,50,,,,,,,,
719,108,1,10858,,,,,,,,
720,108,1,10857,,,,,,,,
721,108,1,10864,,,,,,,,
722,108,1,10865,,,,,,,,
723,108,1,10933,,,,,,,,
724,108,1,10856,,,,,,,,
725,108,1,10861,,,,,,,,
726,108,1,10866,,,,,,,,
727,110,,,,,,,,,,
728,110,,,,,,,,,,
729,110,,,,,,,,,,
730,110,,,,,,,,,,
731,110,,,,,,,,,,
732,110,,,,,,,,,,
733,110,,,,,,,,,,
734,110,,,,,,,,,,
735,110,,,,,,,,,,
736,110,,,,,,,,,,
737,110,1,10986,,,,,,,,
738,110,1,10987,,,,,,,,
739,110,1,10988,,,,,,,,
740,110,1,10989,,,,,,,,
741,110,1,10990,,,,,,,,
742,110,1,10991,,,,,,,,
743,3,,50,,,,,,,,
744,37,,50,,,,,,,,
745,36,,50,,,,,,,,
746,36,,50,,,,,,,,
747,110,1,10992,,,,,,,,
748,110,1,10993,,,,,,,,
749,110,1,10994,,,,,,,,
750,110,1,10995,,,,,,,,
751,102,,50,,,,,,,,
752,102,,50,,,,,,,,
753,102,,50,,,,,,,,
754,102,,50,,,,,,,,
755,102,,50,,,,,,,,
756,102,,50,,,,,,,,
757,102,,50,,,,,,,,
758,102,,50,,,,,,,,
759,102,,50,,,,,,,,
760,102,,50,,,,,,,,
761,102,1,10996,,,,,,,,
762,102,1,10997,,,,,,,,
763,102,1,10998,,,,,,,,
764,102,1,10999,,,,,,,,
765,102,1,11000,,,,,,,,
766,102,1,11001,,,,,,,,
767,102,1,11002,,,,,,,,
768,102,1,11003,,,,,,,,
769,102,1,11004,,,,,,,,
770,102,1,11005,,,,,,,,
771,102,1,11006,,,,,,,,
772,103,,50,,,,,,,,
773,103,,50,,,,,,,,
774,103,,50,,,,,,,,
775,103,,50,,,,,,,,
776,103,,50,,,,,,,,
777,103,,50,,,,,,,,
778,103,,50,,,,,,,,
779,103,,50,,,,,,,,
780,103,,50,,,,,,,,
781,103,,50,,,,,,,,
782,103,1,11007,,,,,,,,
783,103,1,11008,,,,,,,,
784,103,1,11009,,,,,,,,
785,103,1,11010,,,,,,,,
786,103,1,11011,,,,,,,,
787,103,1,11012,,,,,,,,
788,103,,50,,,,,,,,
789,103,,50,,,,,,,,
790,103,,50,,,,,,,,
791,112,,50,,,,,,,,
792,112,,50,,,,,,,,
793,112,,50,,,,,,,,
794,112,,50,,,,,,,,
795,112,,50,,,,,,,,
796,112,,50,,,,,,,,
797,112,,50,,,,,,,,
798,112,,50,,,,,,,,
799,112,,50,,,,,,,,
800,112,,,,,,,,,,
801,112,,50,,,,,,,,
802,112,,50,,,,,,,,
803,112,,50,,,,,,,,
804,112,,50,,,,,,,,
805,112,,50,,,,,,,,
806,112,,50,,,,,,,,
807,45,1,10902,,,,,,,,
808,45,1,10903,,,,,,,,
809,45,7,207431,,,,,,,,
810,45,,50,,,,,,,,
811,45,1,10904,,,,,,,,
812,45,7,207448,,,,,,,,
813,45,,50,,,,,,,,
814,45,1,10905,,,,,,,,
815,45,1,10906,,,,,,,,
816,45,,50,,,,,,,,
817,45,1,10908,,,,,,,,
818,45,1,10909,,,,,,,,
819,45,,50,,,,,,,,
820,45,,50,,,,,,,,
821,45,7,207441,,,,,,,,
822,45,,50,,,,,,,,
823,45,1,10911,,,,,,,,
824,45,7,207442,,,,,,,,
825,45,,50,,,,,,,,
826,45,1,10912,,,,,,,,
827,177,,,,,,,,,,
828,177,,,,,,,,,,
829,177,,,,,,,,,,
830,177,,,,,,,,,,
831,,,,,,,,,,,
832,45,1,10910,,,,,,,,
833,44,,50,,,,,,,,
834,44,7,207430,,,,,,,,
835,44,7,207433,,,,,,,,
836,44,1,10907,,,,,,,,
837,113,,50,,,,,,,,
838,113,,50,,,,,,,,
839,113,,50,,,,,,,,
840,113,,50,,,,,,,,
841,113,,50,,,,,,,,
842,113,8,30579,,,,,,,,
843,49,,50,,,,,,,,
844,113,1,10888,,,,,,,,
845,113,,50,,,,,,,,
846,113,,50,,,,,,,,
847,113,,50,,,,,,,,
848,113,1,10889,,,,,,,,
849,113,1,10886,,,,,,,,
850,113,1,10922,,,,,,,,
851,49,,50,,,,,,,,
852,49,,50,,,,,,,,
853,49,,50,,,,,,,,
854,49,,50,,,,,,,,
855,49,,50,,,,,,,,
856,49,,50,,,,,,,,
857,113,1,10978,,,,,,,,
858,113,1,10941,,,,,,,,
859,49,1,10926,,,,,,,,
860,49,1,10890,,,,,,,,
861,49,1,10979,,,,,,,,
862,49,1,10980,,,,,,,,
863,104,,50,,,,,,,,
864,104,,50,,,,,,,,
865,104,,50,,,,,,,,
866,104,,50,,,,,,,,
867,104,,50,,,,,,,,
868,104,,50,,,,,,,,
869,104,,50,,,,,,,,
870,104,,50,,,,,,,,
871,104,,50,,,,,,,,
872,104,,50,,,,,,,,
873,5,,,,,,,,,,
874,5,,,,,,,,,,
875,5,,,,,,,,,,
876,5,,,,,,,,,,
877,5,,,,,,,,,,
878,5,,,,,,,,,,
879,5,,,,,,,,,,
880,5,,,,,,,,,,
881,5,,,,,,,,,,
882,5,,,,,,,,,,
883,89,1,11730,,,,,,,,
884,96,1,11731,,,,,,,,
885,77,1,11733,,,,,,,,
886,,,,,,,,,,,
887,,,,,,,,,,,
888,,,,,,,,,,,
889,,,,,,,,,,,
890,,,,,,,,,,,
891,,,,,,,,,,,
892,,,,,,,,,,,
893,,,,,,,,,,,
894,118,,50,,,,,,,,
895,118,,50,,,,,,,,
896,118,,50,,,,,,,,
897,118,1,10924,,,,,,,,
898,118,1,10943,,,,,,,,
899,118,,50,,,,,,,,
900,118,,50,,,,,,,,
901,118,,50,,,,,,,,
902,118,,50,,,,,,,,
903,118,,50,,,,,,,,
904,118,,50,,,,,,,,
905,118,,50,,,,,,,,
906,118,1,10944,,,,,,,,
907,119,8,42610,,,,,,,,
908,119,8,42610,,,,,,,,
909,119,8,42610,,,,,,,,
910,119,8,42610,,,,,,,,
911,119,8,42610,,,,,,,,
912,119,1,10931,,,,,,,,
913,119,1,10927,,,,,,,,
914,119,1,10928,,,,,,,,
915,,,,,,,,,,,
916,,,,,,,,,,,
917,,,,,,,,,,,
918,,,,,,,,,,,
919,,,,,,,,,,,
920,,,,,,,,,,,
921,,,,,,,,,,,
922,,,,,,,,,,,
923,,,,,,,,,,,
924,,,,,,,,,,,
925,114,8,30587,,,,,,,,
926,114,8,30587,,,,,,,,
927,114,8,30587,,,,,,,,
928,114,8,30587,,,,,,,,
929,114,8,30587,,,,,,,,
930,114,1,10891,,,,,,,,
931,114,8,30588,,,,,,,,
932,114,8,30588,,,,,,,,
933,114,8,30588,,,,,,,,
934,114,8,30588,,,,,,,,
935,114,8,30588,,,,,,,,
936,114,1,10892,,,,,,,,
937,,,,,,,,,,,
938,115,8,30589,,,,,,,,
939,115,8,30589,,,,,,,,
940,115,8,30589,,,,,,,,
941,115,8,30589,,,,,,,,
942,115,1,10893,,,,,,,,
943,115,8,30590,,,,,,,,
944,115,8,30590,,,,,,,,
945,115,8,30590,,,,,,,,
946,115,8,30590,,,,,,,,
947,115,8,30590,,,,,,,,
948,115,1,10894,,,,,,,,
949,116,8,30591,,,,,,,,
950,116,8,30591,,,,,,,,
951,116,8,30591,,,,,,,,
952,116,8,30591,,,,,,,,
953,116,8,30591,,,,,,,,
954,116,1,10895,,,,,,,,
955,116,8,30592,,,,,,,,
956,116,8,30592,,,,,,,,
957,116,8,30592,,,,,,,,
958,116,8,30592,,,,,,,,
959,116,8,30592,,,,,,,,
960,116,1,10897,,,,,,,,
961,117,8,30593,,,,,,,,
962,117,8,30593,,,,,,,,
963,117,8,30593,,,,,,,,
964,117,8,30593,,,,,,,,
965,117,8,30593,,,,,,,,
966,117,1,10899,,,,,,,,
967,117,8,30594,,,,,,,,
968,117,8,30594,,,,,,,,
969,117,8,30594,,,,,,,,
970,117,8,30594,,,,,,,,
971,117,8,30594,,,,,,,,
972,117,1,10925,,,,,,,,
973,35,1,11050,,,,,,,,
974,35,1,11051,,,,,,,,
975,35,1,11052,,,,,,,,
976,35,1,11053,,,,,,,,
977,35,1,11054,,,,,,,,
978,35,1,11055,,,,,,,,
979,35,1,11056,,,,,,,,
980,35,1,11057,,,,,,,,
981,35,1,11058,,,,,,,,
982,35,1,11059,,,,,,,,
983,35,1,11060,,,,,,,,
984,35,1,11061,,,,,,,,
985,35,1,11728,,,,,,,,
986,35,1,11729,,,,,,,,
987,35,1,11738,,,,,,,,
988,35,1,11739,,,,,,,,
989,48,,,,,,,,,,
990,48,,,,,,,,,,
991,48,,,,,,,,,,
992,48,,,,,,,,,,
993,48,,,,,,,,,,
994,48,1,11038,,,,,,,,
995,35,1,11744,,,,,,,,
996,35,1,11745,,,,,,,,
997,78,1,11748,,,,,,,,
998,79,1,11749,,,,,,,,
999,103,1,11013,,,,,,,,
1000,175,1,11070,,,,,,,,
1001,175,1,11071,,,,,,,,
1002,175,1,11072,,,,,,,,
1003,175,1,11073,,,,,,,,
1004,175,1,11074,,,,,,,,
1005,,,,,,,,,,,
1006,,,,,,,,,,,
1007,,,,,,,,,,,
1008,,,,,,,,,,,
1009,,,,,,,,,,,
1010,,,,,,,,,,,
1011,,,,,,,,,,,
1012,,,,,,,,,,,
1013,,,,,,,,,,,
1014,,,,,,,,,,,
1015,,,,,,,,,,,
1016,,,,,,,,,,,
1017,,,,,,,,,,,
1018,,,,,,,,,,,
1019,,,,,,,,,,,
1020,38,1,11529,,,,,,,,
1021,38,1,11538,,,,,,,,
1022,38,1,11546,,,,,,,,
1023,16,1,11636,,,,,,,,
1024,16,1,11637,,,,,,,,
1025,16,1,11638,,,,,,,,
1026,16,1,11639,,,,,,,,
1027,38,1,2646,,,,,,,,
1028,38,1,2653,,,,,,,,
1029,38,1,2662,,,,,,,,
1030,38,1,2671,,,,,,,,
1031,38,,66,,,,,,,,
1032,38,,66,,,,,,,,
1033,38,,66,,,,,,,,
1034,38,1,10788,,,,,,,,
1035,38,1,11110,,,,,,,,
1036,38,1,11726,,,,,,,,
1037,38,1,11221,,,,,,,,
1038,38,1,11727,,,,,,,,
1039,38,1,11724,,,,,,,,
1040,38,1,11737,,,,,,,,
1041,38,1,11036,,,,,,,,
1042,38,1,11037,,,,,,,,
1043,112,,50,,,,,,,,
1044,112,,50,,,,,,,,
1045,112,1,10870,,,,,,,,
1046,112,,50,,,,,,,,
1047,112,,,,,,,,,,
1048,112,,,,,,,,,,
1049,,,,,,,,,,,
1050,112,1,10872,,,,,,,,
1051,112,1,10871,,,,,,,,
1052,112,1,10867,,,,,,,,
1053,112,1,10869,,,,,,,,
1054,112,1,10874,,,,,,,,
1055,112,1,10849,,,,,,,,
1056,180,,,,,,,,,,
1057,180,,,,,,,,,,
1058,180,,,,,,,,,,
1059,180,,,,,,,,,,
1060,180,,,,,,,,,,
1061,180,,,,,,,,,,
1062,180,,,,,,,,,,
1063,180,,,,,,,,,,
1064,180,,,,,,,,,,
1065,180,,,,,,,,,,
1066,180,,,,,,,,,,
1067,180,,,,,,,,,,
1068,180,,,,,,,,,,
1069,180,,,,,,,,,,
1070,180,,,,,,,,,,
1071,180,1,10875,,,,,,,,
1072,180,,,,,,,,,,
1073,104,1,11015,,,,,,,,
1074,104,1,11016,,,,,,,,
1075,104,1,11017,,,,,,,,
1076,104,1,11018,,,,,,,,
1077,104,1,10942,,,,,,,,
1078,106,,50,,,,,,,,
1079,106,,50,,,,,,,,
1080,106,,50,,,,,,,,
1081,106,,50,,,,,,,,
1082,106,,50,,,,,,,,
1083,106,,50,,,,,,,,
1084,106,,50,,,,,,,,
1085,106,,50,,,,,,,,
1086,106,,50,,,,,,,,
1087,106,,50,,,,,,,,
1088,106,1,11019,,,,,,,,
1089,106,1,11020,,,,,,,,
1090,106,1,11021,,,,,,,,
1091,106,7,452555,,,,,,,,
1092,106,1,11022,,,,,,,,
1093,106,7,452556,,,,,,,,
1094,106,1,11023,,,,,,,,
1095,106,7,452557,,,,,,,,
1096,,,,,,,,,,,
1097,,,,,,,,,,,
1098,,,,,,,,,,,
1099,,,,,,,,,,,
1100,46,,66,,,,,,,,
1101,46,,66,,,,,,,,
1102,46,,66,,,,,,,,
1103,46,,66,,,,,,,,
1104,46,,66,,,,,,,,
1105,46,,66,,,,,,,,
1106,46,,66,,,,,,,,
1107,46,,66,,,,,,,,
1108,46,,66,,,,,,,,
1109,46,,66,,,,,,,,
1110,46,,66,,,,,,,,
1111,46,,66,,,,,,,,
1112,46,,66,,,,,,,,
1113,46,,66,,,,,,,,
1114,46,,66,,,,,,,,
1115,46,,66,,,,,,,,
1116,46,,66,,,,,,,,
1117,46,,66,,,,,,,,
1118,46,,66,,,,,,,,
1119,46,,66,,,,,,,,
1120,46,,66,,,,,,,,
1121,46,,66,,,,,,,,
1122,46,,66,,,,,,,,
1123,46,,66,,,,,,,,
1124,46,,66,,,,,,,,
1125,46,,66,,,,,,,,
1126,46,,66,,,,,,,,
1127,46,,66,,,,,,,,
1128,46,,66,,,,,,,,
1129,46,,66,,,,,,,,
1130,46,,66,,,,,,,,
1131,46,,66,,,,,,,,
1132,46,,66,,,,,,,,
1133,46,,66,,,,,,,,
1134,46,,66,,,,,,,,
1135,46,,66,,,,,,,,
1136,46,,66,,,,,,,,
1137,46,,66,,,,,,,,
1138,46,,66,,,,,,,,
1139,46,,66,,,,,,,,
1140,46,,66,,,,,,,,
1141,46,,66,,,,,,,,
1142,46,,66,,,,,,,,
1143,46,,66,,,,,,,,
1144,46,,66,,,,,,,,
1145,46,,66,,,,,,,,
1146,46,,66,,,,,,,,
1147,46,,66,,,,,,,,
1148,46,,66,,,,,,,,
1149,46,,66,,,,,,,,
1150,46,,66,,,,,,,,
1151,46,,66,,,,,,,,
1152,46,,66,,,,,,,,
1153,46,,66,,,,,,,,
1154,46,,66,,,,,,,,
1155,46,,66,,,,,,,,
1156,46,,66,,,,,,,,
1157,46,,66,,,,,,,,
1158,46,,66,,,,,,,,
1159,46,,66,,,,,,,,
1160,46,,66,,,,,,,,
1161,46,,66,,,,,,,,
1162,46,,66,,,,,,,,
1163,46,,66,,,,,,,,
1164,46,,66,,,,,,,,
1165,46,,66,,,,,,,,
1166,46,,66,,,,,,,,
1167,46,,66,,,,,,,,
1168,46,,66,,,,,,,,
1169,46,,66,,,,,,,,
1170,46,,66,,,,,,,,
1171,46,,66,,,,,,,,
1172,46,,66,,,,,,,,
1173,46,,66,,,,,,,,
1174,46,,66,,,,,,,,
1175,46,,66,,,,,,,,
1176,46,,66,,,,,,,,
1177,46,,66,,,,,,,,
1178,46,,66,,,,,,,,
1179,46,,66,,,,,,,,
1180,46,,66,,,,,,,,
1181,46,,66,,,,,,,,
1182,46,,66,,,,,,,,
1183,46,,66,,,,,,,,
1184,46,,66,,,,,,,,
1185,46,,66,,,,,,,,
1186,46,,66,,,,,,,,
1187,46,,66,,,,,,,,
1188,46,,66,,,,,,,,
1189,46,,66,,,,,,,,
1190,46,,66,,,,,,,,
1191,46,,66,,,,,,,,
1192,46,,66,,,,,,,,
1193,46,,66,,,,,,,,
1194,46,,66,,,,,,,,
1195,46,,66,,,,,,,,
1196,46,,66,,,,,,,,
1197,46,,66,,,,,,,,
1198,46,,66,,,,,,,,
1199,46,,66,,,,,,,,
1200,46,,66,,,,,,,,
1201,46,,66,,,,,,,,
1202,46,,66,,,,,,,,
1203,46,,66,,,,,,,,
1204,46,,66,,,,,,,,
1205,46,,66,,,,,,,,
1206,46,,66,,,,,,,,
1207,46,,66,,,,,,,,
1208,46,,66,,,,,,,,
1209,46,,66,,,,,,,,
1210,46,,66,,,,,,,,
1211,46,,66,,,,,,,,
1212,46,,66,,,,,,,,
1213,46,,66,,,,,,,,
1214,46,,66,,,,,,,,
1215,46,,66,,,,,,,,
1216,46,,66,,,,,,,,
1217,46,,66,,,,,,,,
1218,46,,66,,,,,,,,
1219,46,,66,,,,,,,,
1220,46,,66,,,,,,,,
1221,46,,66,,,,,,,,
1222,46,,66,,,,,,,,
1223,46,,66,,,,,,,,
1224,46,,66,,,,,,,,
1225,46,,66,,,,,,,,
1226,46,,66,,,,,,,,
1227,46,,66,,,,,,,,
1228,46,,66,,,,,,,,
1229,46,,66,,,,,,,,
1230,46,,66,,,,,,,,
1231,46,,66,,,,,,,,
1232,46,,66,,,,,,,,
1233,46,,66,,,,,,,,
1234,46,,66,,,,,,,,
1235,46,,66,,,,,,,,
1236,46,,66,,,,,,,,
1237,46,,66,,,,,,,,
1238,,,,,,,,,,,
1239,,,,,,,,,,,
1240,,,,,,,,,,,
1241,,,,,,,,,,,
1242,,,,,,,,,,,
1243,,,,,,,,,,,
1244,,,,,,,,,,,
1245,,,,,,,,,,,
1246,,,,,,,,,,,
1247,,,,,,,,,,,
1248,,,,,,,,,,,
1249,,,,,,,,,,,
1250,,,,,,,,,,,
1251,,,,,,,,,,,
1252,,,,,,,,,,,
1253,,,,,,,,,,,
1254,,,,,,,,,,,
1255,,,,,,,,,,,
1256,,,,,,,,,,,
1257,,,,,,,,,,,
1258,,,,,,,,,,,
1259,,,,,,,,,,,
1260,,,,,,,,,,,
1261,,,,,,,,,,,
1262,,,,,,,,,,,
1263,,,,,,,,,,,
1264,,,,,,,,,,,
1265,,,,,,,,,,,
1266,,,,,,,,,,,
1267,,,,,,,,,,,
1268,,,,,,,,,,,
1269,,,,,,,,,,,
1270,,,,,,,,,,,
1271,,,,,,,,,,,
1272,,,,,,,,,,,
1273,,,,,,,,,,,
1274,,,,,,,,,,,
1275,,,,,,,,,,,
1276,,,,,,,,,,,
1277,,,,,,,,,,,
1278,,,,,,,,,,,
1279,,,,,,,,,,,
1280,,,,,,,,,,,
1281,,,,,,,,,,,
1282,,,,,,,,,,,
1283,,,,,,,,,,,
1284,,,,,,,,,,,
1285,,,,,,,,,,,
1286,,,,,,,,,,,
1287,,,,,,,,,,,
1288,,,,,,,,,,,
1289,,,,,,,,,,,
1290,,,,,,,,,,,
1291,,,,,,,,,,,
1292,,,,,,,,,,,
1293,,,,,,,,,,,
1294,,,,,,,,,,,
1295,,,,,,,,,,,
1296,,,,,,,,,,,
1297,,,,,,,,,,,
1298,,,,,,,,,,,
1299,,,,,,,,,,,
1300,47,,66,,,,,,,,
1301,47,,66,,,,,,,,
1302,47,,66,,,,,,,,
1303,47,,66,,,,,,,,
1304,47,,66,,,,,,,,
1305,47,,66,,,,,,,,
1306,47,,66,,,,,,,,
1307,47,,66,,,,,,,,
1308,47,,66,,,,,,,,
1309,47,,66,,,,,,,,
1310,47,,66,,,,,,,,
1311,47,,66,,,,,,,,
1312,47,,66,,,,,,,,
1313,47,,66,,,,,,,,
1314,47,,66,,,,,,,,
1315,47,,66,,,,,,,,
1316,47,,66,,,,,,,,
1317,47,,66,,,,,,,,
1318,47,,66,,,,,,,,
1319,47,,66,,,,,,,,
1320,47,,66,,,,,,,,
1321,47,,66,,,,,,,,
1322,47,,66,,,,,,,,
1323,47,,66,,,,,,,,
1324,47,,66,,,,,,,,
1325,47,,66,,,,,,,,
1326,47,,66,,,,,,,,
1327,47,,66,,,,,,,,
1328,47,,66,,,,,,,,
1329,47,,66,,,,,,,,
1330,47,,66,,,,,,,,
1331,47,,66,,,,,,,,
1332,47,,66,,,,,,,,
1333,47,,66,,,,,,,,
1334,47,,66,,,,,,,,
1335,47,,66,,,,,,,,
1336,47,,66,,,,,,,,
1337,47,,66,,,,,,,,
1338,47,,66,,,,,,,,
1339,47,,66,,,,,,,,
1340,47,,66,,,,,,,,
1341,47,,66,,,,,,,,
1342,47,,66,,,,,,,,
1343,47,,66,,,,,,,,
1344,47,,66,,,,,,,,
1345,47,,66,,,,,,,,
1346,47,,66,,,,,,,,
1347,47,,66,,,,,,,,
1348,47,,66,,,,,,,,
1349,47,,66,,,,,,,,
1350,47,,66,,,,,,,,
1351,47,,66,,,,,,,,
1352,47,,66,,,,,,,,
1353,47,,66,,,,,,,,
1354,47,,66,,,,,,,,
1355,47,,66,,,,,,,,
1356,47,,66,,,,,,,,
1357,47,,66,,,,,,,,
1358,47,,66,,,,,,,,
1359,47,,66,,,,,,,,
1360,47,,66,,,,,,,,
1361,47,,66,,,,,,,,
1362,47,,66,,,,,,,,
1363,47,,66,,,,,,,,
1364,47,,66,,,,,,,,
1365,47,,66,,,,,,,,
1366,47,,66,,,,,,,,
1367,47,,66,,,,,,,,
1368,47,,66,,,,,,,,
1369,47,,66,,,,,,,,
1370,47,,66,,,,,,,,
1371,47,,66,,,,,,,,
1372,47,,66,,,,,,,,
1373,47,,66,,,,,,,,
1374,47,,66,,,,,,,,
1375,47,,66,,,,,,,,
1376,47,,66,,,,,,,,
1377,47,,66,,,,,,,,
1378,47,,66,,,,,,,,
1379,47,,66,,,,,,,,
1380,47,,66,,,,,,,,
1381,47,,66,,,,,,,,
1382,47,,66,,,,,,,,
1383,47,,66,,,,,,,,
1384,47,,66,,,,,,,,
1385,47,,66,,,,,,,,
1386,47,,66,,,,,,,,
1387,47,,66,,,,,,,,
1388,47,,66,,,,,,,,
1389,47,,66,,,,,,,,
1390,47,,66,,,,,,,,
1391,47,,66,,,,,,,,
1392,47,,66,,,,,,,,
1393,47,,66,,,,,,,,
1394,47,,66,,,,,,,,
1395,47,,66,,,,,,,,
1396,47,,66,,,,,,,,
1397,47,,66,,,,,,,,
1398,47,,66,,,,,,,,
1399,47,,66,,,,,,,,
1400,47,,66,,,,,,,,
1401,47,,66,,,,,,,,
1402,47,,66,,,,,,,,
1403,47,,66,,,,,,,,
1404,47,,66,,,,,,,,
1405,47,,66,,,,,,,,
1406,47,,66,,,,,,,,
1407,47,,66,,,,,,,,
1408,47,,66,,,,,,,,
1409,47,,66,,,,,,,,
1410,47,,66,,,,,,,,
1411,47,,66,,,,,,,,
1412,47,,66,,,,,,,,
1413,47,,66,,,,,,,,
1414,47,,66,,,,,,,,
1415,47,,66,,,,,,,,
1416,47,,66,,,,,,,,
1417,47,,66,,,,,,,,
1418,47,,66,,,,,,,,
1419,47,,66,,,,,,,,
1420,47,,66,,,,,,,,
1421,47,,66,,,,,,,,
1422,47,,66,,,,,,,,
1423,47,,66,,,,,,,,
1424,47,,66,,,,,,,,
1425,47,,66,,,,,,,,
1426,47,,66,,,,,,,,
1427,47,,66,,,,,,,,
1428,47,,66,,,,,,,,
1429,47,,66,,,,,,,,
1430,47,,66,,,,,,,,
1431,47,,66,,,,,,,,
1432,47,,66,,,,,,,,
1433,47,,66,,,,,,,,
1434,47,,66,,,,,,,,
1435,47,,66,,,,,,,,
1436,47,,66,,,,,,,,
1437,47,,66,,,,,,,,
1438,,,,,,,,,,,
1439,,,,,,,,,,,
1440,,,,,,,,,,,
1441,,,,,,,,,,,
1442,,,,,,,,,,,
1443,,,,,,,,,,,
1444,,,,,,,,,,,
1445,,,,,,,,,,,
1446,,,,,,,,,,,
1447,,,,,,,,,,,
1448,,,,,,,,,,,
1449,,,,,,,,,,,
1450,,,,,,,,,,,
1451,,,,,,,,,,,
1452,,,,,,,,,,,
1453,,,,,,,,,,,
1454,,,,,,,,,,,
1455,,,,,,,,,,,
1456,,,,,,,,,,,
1457,,,,,,,,,,,
1458,,,,,,,,,,,
1459,,,,,,,,,,,
1460,,,,,,,,,,,
1461,,,,,,,,,,,
1462,,,,,,,,,,,
1463,,,,,,,,,,,
1464,,,,,,,,,,,
1465,,,,,,,,,,,
1466,,,,,,,,,,,
1467,,,,,,,,,,,
1468,,,,,,,,,,,
1469,,,,,,,,,,,
1470,,,,,,,,,,,
1471,,,,,,,,,,,
1472,,,,,,,,,,,
1473,,,,,,,,,,,
1474,,,,,,,,,,,
1475,,,,,,,,,,,
1476,,,,,,,,,,,
1477,,,,,,,,,,,
1478,,,,,,,,,,,
1479,,,,,,,,,,,
1480,,,,,,,,,,,
1481,,,,,,,,,,,
1482,,,,,,,,,,,
1483,,,,,,,,,,,
1484,,,,,,,,,,,
1485,,,,,,,,,,,
1486,,,,,,,,,,,
1487,,,,,,,,,,,
1488,,,,,,,,,,,
1489,,,,,,,,,,,
1490,,,,,,,,,,,
1491,,,,,,,,,,,
1492,,,,,,,,,,,
1493,,,,,,,,,,,
1494,,,,,,,,,,,
1495,,,,,,,,,,,
1496,,,,,,,,,,,
1497,,,,,,,,,,,
1498,,,,,,,,,,,
1499,,,,,,,,,,,
1500,179,,,,,,,,,,
1501,179,,,,,,,,,,
1502,179,,,,,,,,,,
1503,179,,,,,,,,,,
1504,179,,,,,,,,,,
1505,179,,,,,,,,,,
1506,179,,,,,,,,,,
1507,179,,,,,,,,,,
1508,179,,,,,,,,,,
1509,179,,,,,,,,,,
1510,179,,,,,,,,,,
1511,179,,,,,,,,,,
1512,179,,,,,,,,,,
1513,179,,,,,,,,,,
1514,179,,,,,,,,,,
1515,179,,,,,,,,,,
1516,179,,,,,,,,,,
1517,179,,,,,,,,,,
1518,179,,,,,,,,,,
1519,179,,,,,,,,,,
1520,179,,,,,,,,,,
1521,179,,,,,,,,,,
1522,179,,,,,,,,,,
1523,179,,,,,,,,,,
1524,179,,,,,,,,,,
1525,179,,,,,,,,,,
1526,179,,,,,,,,,,
1527,179,,,,,,,,,,
1528,179,,,,,,,,,,
1529,179,,,,,,,,,,
1530,179,,,,,,,,,,
1531,179,,,,,,,,,,
1532,179,,,,,,,,,,
1533,179,,,,,,,,,,
1534,179,,,,,,,,,,
1535,179,,,,,,,,,,
1536,179,,,,,,,,,,
1537,179,,,,,,,,,,
1538,179,,,,,,,,,,
1539,179,,,,,,,,,,
1540,179,,,,,,,,,,
1541,179,,,,,,,,,,
1542,179,,,,,,,,,,
1543,179,,,,,,,,,,
1544,179,,,,,,,,,,
1545,179,,,,,,,,,,
1546,179,,,,,,,,,,
1547,179,,,,,,,,,,
1548,179,,,,,,,,,,
1549,179,,,,,,,,,,
1550,179,,,,,,,,,,
1551,179,,,,,,,,,,
1552,179,,,,,,,,,,
1553,179,,,,,,,,,,
1554,179,,,,,,,,,,
1555,179,,,,,,,,,,
1556,179,,,,,,,,,,
1557,179,,,,,,,,,,
1558,179,,,,,,,,,,
1559,179,,,,,,,,,,
1560,179,,,,,,,,,,
1561,179,,,,,,,,,,
1562,179,,,,,,,,,,
1563,179,,,,,,,,,,
1564,179,,,,,,,,,,
1565,179,,,,,,,,,,
1566,179,,,,,,,,,,
1567,179,,,,,,,,,,
1568,,,,,,,,,,,
1569,,,,,,,,,,,
1570,,,,,,,,,,,
1571,,,,,,,,,,,
1572,,,,,,,,,,,
1573,,,,,,,,,,,
1574,,,,,,,,,,,
1575,,,,,,,,,,,
1576,,,,,,,,,,,
1577,,,,,,,,,,,
1578,,,,,,,,,,,
1579,,,,,,,,,,,
1580,,,,,,,,,,,
1581,,,,,,,,,,,
1582,,,,,,,,,,,
1583,,,,,,,,,,,
1584,,,,,,,,,,,
1585,,,,,,,,,,,
1586,,,,,,,,,,,
1587,,,,,,,,,,,
1588,,,,,,,,,,,
1589,,,,,,,,,,,
1590,,,,,,,,,,,
1591,,,,,,,,,,,
1592,,,,,,,,,,,
1593,,,,,,,,,,,
1594,,,,,,,,,,,
1595,,,,,,,,,,,
1596,,,,,,,,,,,
1597,,,,,,,,,,,
1598,,,,,,,,,,,
1599,,,,,,,,,,,
1600,,,,,,,,,,,
1601,,,,,,,,,,,
1602,,,,,,,,,,,
1603,,,,,,,,,,,
1604,,,,,,,,,,,
1605,,,,,,,,,,,
1606,,,,,,,,,,,
1607,,,,,,,,,,,
1608,,,,,,,,,,,
1609,,,,,,,,,,,
1610,,,,,,,,,,,
1611,,,,,,,,,,,
1612,,,,,,,,,,,
1613,,,,,,,,,,,
1614,,,,,,,,,,,
1615,,,,,,,,,,,
1616,,,,,,,,,,,
1617,,,,,,,,,,,
1618,,,,,,,,,,,
1619,,,,,,,,,,,
1620,,,,,,,,,,,
1621,,,,,,,,,,,
1622,,,,,,,,,,,
1623,,,,,,,,,,,
1624,,,,,,,,,,,
1625,,,,,,,,,,,
1626,,,,,,,,,,,
1627,,,,,,,,,,,
1628,,,,,,,,,,,
1629,,,,,,,,,,,
1630,,,,,,,,,,,
1631,,,,,,,,,,,
1632,,,,,,,,,,,
1633,,,,,,,,,,,
1634,,,,,,,,,,,
1635,,,,,,,,,,,
1636,,,,,,,,,,,
1637,,,,,,,,,,,
1638,,,,,,,,,,,
1639,,,,,,,,,,,
1640,,,,,,,,,,,
1641,,,,,,,,,,,
1642,,,,,,,,,,,
1643,,,,,,,,,,,
1644,,,,,,,,,,,
1645,,,,,,,,,,,
1646,,,,,,,,,,,
1647,,,,,,,,,,,
1648,,,,,,,,,,,
1649,,,,,,,,,,,
1650,,,,,,,,,,,
1651,,,,,,,,,,,
1652,,,,,,,,,,,
1653,,,,,,,,,,,
1654,,,,,,,,,,,
1655,,,,,,,,,,,
1656,,,,,,,,,,,
1657,,,,,,,,,,,
1658,,,,,,,,,,,
1659,,,,,,,,,,,
1660,,,,,,,,,,,
1661,,,,,,,,,,,
1662,,,,,,,,,,,
1663,,,,,,,,,,,
1664,,,,,,,,,,,
1665,,,,,,,,,,,
1666,,,,,,,,,,,
1667,,,,,,,,,,,
1668,,,,,,,,,,,
1669,,,,,,,,,,,
1670,,,,,,,,,,,
1671,,,,,,,,,,,
1672,,,,,,,,,,,
1673,,,,,,,,,,,
1674,,,,,,,,,,,
1675,,,,,,,,,,,
1676,,,,,,,,,,,
1677,,,,,,,,,,,
1678,,,,,,,,,,,
1679,,,,,,,,,,,
1680,,,,,,,,,,,
1681,,,,,,,,,,,
1682,,,,,,,,,,,
1683,,,,,,,,,,,
1684,,,,,,,,,,,
1685,,,,,,,,,,,
1686,,,,,,,,,,,
1687,,,,,,,,,,,
1688,,,,,,,,,,,
1689,,,,,,,,,,,
1690,,,,,,,,,,,
1691,,,,,,,,,,,
1692,,,,,,,,,,,
1693,,,,,,,,,,,
1694,,,,,,,,,,,
1695,,,,,,,,,,,
1696,,,,,,,,,,,
1697,,,,,,,,,,,
1698,,,,,,,,,,,
1699,,,,,,,,,,,
1700,,,,,,,,,,,
1701,176,,100,,,,,,,,
1702,176,,100,,,,,,,,
1703,176,,100,,,,,,,,
1704,176,,100,,,,,,,,
1705,176,,100,,,,,,,,
1706,176,,100,,,,,,,,
1707,176,,100,,,,,,,,
1708,176,,100,,,,,,,,
1709,176,,100,,,,,,,,
1710,176,,100,,,,,,,,
1711,176,,100,,,,,,,,
1712,176,,100,,,,,,,,
1713,176,,100,,,,,,,,
1714,176,,100,,,,,,,,
1715,176,,100,,,,,,,,
1716,176,,100,,,,,,,,
1717,176,,100,,,,,,,,
1718,176,,100,,,,,,,,
1719,176,,100,,,,,,,,
1720,176,,100,,,,,,,,
1721,176,,100,,,,,,,,
1722,176,,100,,,,,,,,
1723,176,,100,,,,,,,,
1724,176,,100,,,,,,,,
1725,176,,100,,,,,,,,
1726,176,,100,,,,,,,,
1727,176,,100,,,,,,,,
1728,176,,100,,,,,,,,
1729,176,,100,,,,,,,,
1730,176,,100,,,,,,,,
1731,176,,100,,,,,,,,
1732,176,,100,,,,,,,,
1733,176,,100,,,,,,,,
1734,176,,100,,,,,,,,
1735,176,,100,,,,,,,,
1736,176,,100,,,,,,,,
1737,176,,100,,,,,,,,
1738,176,,100,,,,,,,,
1739,176,,100,,,,,,,,
1740,176,,100,,,,,,,,
1741,176,,100,,,,,,,,
1742,176,,100,,,,,,,,
1743,176,,100,,,,,,,,
1744,176,,100,,,,,,,,
1745,176,,100,,,,,,,,
1746,176,,100,,,,,,,,
1747,176,,100,,,,,,,,
1748,176,,100,,,,,,,,
1749,176,,100,,,,,,,,
1750,176,,100,,,,,,,,
1751,176,,,,,,,,,,
1752,176,,,,,,,,,,
1753,176,,,,,,,,,,
1754,176,,100,,,,,,,,
1755,176,,100,,,,,,,,
1756,176,,100,,,,,,,,
1757,176,,100,,,,,,,,
1758,176,,100,,,,,,,,
1759,176,,100,,,,,,,,
1760,176,,100,,,,,,,,
1761,176,,100,,,,,,,,
1762,176,,100,,,,,,,,
1763,176,,100,,,,,,,,
1764,176,,100,,,,,,,,
1765,176,,100,,,,,,,,
1766,176,,100,,,,,,,,
1767,,,,,,,,,,,
1768,,,,,,,,,,,
1769,,,,,,,,,,,
1770,,,,,,,,,,,
1771,,,,,,,,,,,
1772,,,,,,,,,,,
1773,,,,,,,,,,,
1774,,,,,,,,,,,
1775,,,,,,,,,,,
1776,,,,,,,,,,,
1777,,,,,,,,,,,
1778,,,,,,,,,,,
1779,,,,,,,,,,,
1780,,,,,,,,,,,
1781,,,,,,,,,,,
1782,,,,,,,,,,,
1783,,,,,,,,,,,
1784,,,,,,,,,,,
1785,,,,,,,,,,,
1786,,,,,,,,,,,
1787,,,,,,,,,,,
1788,,,,,,,,,,,
1789,,,,,,,,,,,
1790,,,,,,,,,,,
1791,,,,,,,,,,,
1792,,,,,,,,,,,
1793,,,,,,,,,,,
1794,,,,,,,,,,,
1795,,,,,,,,,,,
1796,,,,,,,,,,,
1797,,,,,,,,,,,
1798,,,,,,,,,,,
1799,,,,,,,,,,,
1800,181,4,609011,,,,,,,,
1801,181,4,609011,,,,,,,,
1802,181,1,11761,4,80001,,,,,,
1803,181,4,609011,,,,,,,,
1804,181,1,11762,4,609011,,,,,,
1805,181,4,609011,,,,,,,,
1806,181,4,609011,,,,,,,,
1807,181,4,609011,,,,,,,,
1808,181,4,609011,,,,,,,,
1809,181,1,11764,4,609011,,,,,,
1810,181,4,80001,,,,,,,,
1811,181,1,11765,4,609011,,,,,,
1812,181,1,11766,4,609011,,,,,,
1813,181,1,11769,,,,,,,,
1814,181,1,11767,,,,,,,,
1815,181,1,11794,,,,,,,,
1816,181,4,60157,1,11763,,,,,,
1817,181,1,11768,,,,,,,,
1818,181,1,11770,,,,,,,,
1819,182,,,,,,,,,,
1820,182,,,,,,,,,,
1821,182,,,,,,,,,,
1822,182,,,,,,,,,,
1823,182,1,11795,,,,,,,,
1824,,,,,,,,,,,
1825,,,,,,,,,,,
1826,,,,,,,,,,,
1827,,,,,,,,,,,
1828,,,,,,,,,,,
1829,,,,,,,,,,,
1830,,,,,,,,,,,
1831,,,,,,,,,,,
1832,,,,,,,,,,,
1833,,,,,,,,,,,
1834,,,,,,,,,,,
1835,,,,,,,,,,,
1836,,,,,,,,,,,
1837,,,,,,,,,,,
1838,,,,,,,,,,,
1839,,,,,,,,,,,
1840,,,,,,,,,,,
1841,,,,,,,,,,,
1842,,,,,,,,,,,
1843,,,,,,,,,,,
1844,,,,,,,,,,,
1845,,,,,,,,,,,
1846,,,,,,,,,,,
1847,,,,,,,,,,,
1848,,,,,,,,,,,
1849,,,,,,,,,,,
1850,,,,,,,,,,,
1851,,,,,,,,,,,
1852,,,,,,,,,,,
1853,,,,,,,,,,,
1854,,,,,,,,,,,
1855,,,,,,,,,,,
1856,,,,,,,,,,,
1857,,,,,,,,,,,
1858,,,,,,,,,,,
1859,,,,,,,,,,,
1860,,,,,,,,,,,
1861,,,,,,,,,,,
1862,,,,,,,,,,,
1863,,,,,,,,,,,
1864,,,,,,,,,,,
1865,,,,,,,,,,,
1866,,,,,,,,,,,
1867,,,,,,,,,,,
1868,,,,,,,,,,,
1869,,,,,,,,,,,
1870,,,,,,,,,,,
1871,,,,,,,,,,,
1872,,,,,,,,,,,
1873,,,,,,,,,,,
1874,,,,,,,,,,,
1875,,,,,,,,,,,
1876,,,,,,,,,,,
1877,,,,,,,,,,,
1878,,,,,,,,,,,
1879,,,,,,,,,,,
1880,,,,,,,,,,,
1881,,,,,,,,,,,
1882,,,,,,,,,,,
1883,,,,,,,,,,,
1884,,,,,,,,,,,
1885,,,,,,,,,,,
1886,,,,,,,,,,,
1887,,,,,,,,,,,
1888,,,,,,,,,,,
1889,,,,,,,,,,,
1890,,,,,,,,,,,
1891,,,,,,,,,,,
1892,,,,,,,,,,,
1893,,,,,,,,,,,
1894,,,,,,,,,,,
1895,,,,,,,,,,,
1896,,,,,,,,,,,
1897,,,,,,,,,,,
1898,,,,,,,,,,,
1899,,,,,,,,,,,
1900,,,,,,,,,,,
1901,,,,,,,,,,,
1902,,,,,,,,,,,
1903,,,,,,,,,,,
1904,,,,,,,,,,,
1905,,,,,,,,,,,
1906,,,,,,,,,,,
1907,,,,,,,,,,,
1908,,,,,,,,,,,
1909,,,,,,,,,,,
1910,,,,,,,,,,,
1911,,,,,,,,,,,
1912,,,,,,,,,,,
1913,,,,,,,,,,,
1914,,,,,,,,,,,
1915,,,,,,,,,,,
1916,,,,,,,,,,,
1917,,,,,,,,,,,
1918,,,,,,,,,,,
1919,,,,,,,,,,,
1920,,,,,,,,,,,
1921,,,,,,,,,,,
1922,,,,,,,,,,,
1923,,,,,,,,,,,
1924,,,,,,,,,,,
1925,,,,,,,,,,,
1926,,,,,,,,,,,
1927,,,,,,,,,,,
1928,,,,,,,,,,,
1929,,,,,,,,,,,
1930,,,,,,,,,,,
1931,,,,,,,,,,,
1932,,,,,,,,,,,
1933,,,,,,,,,,,
1934,,,,,,,,,,,
1935,,,,,,,,,,,
1936,,,,,,,,,,,
1937,,,,,,,,,,,
1938,,,,,,,,,,,
1939,,,,,,,,,,,
1940,,,,,,,,,,,
1941,,,,,,,,,,,
1942,,,,,,,,,,,
1943,,,,,,,,,,,
1944,,,,,,,,,,,
1945,,,,,,,,,,,
1946,,,,,,,,,,,
1947,,,,,,,,,,,
1948,,,,,,,,,,,
1949,,,,,,,,,,,
1950,,,,,,,,,,,
1951,,,,,,,,,,,
1952,,,,,,,,,,,
1953,,,,,,,,,,,
1954,,,,,,,,,,,
1955,,,,,,,,,,,
1956,,,,,,,,,,,
1957,,,,,,,,,,,
1958,,,,,,,,,,,
1959,,,,,,,,,,,
1960,,,,,,,,,,,
1961,,,,,,,,,,,
1962,,,,,,,,,,,
1963,,,,,,,,,,,
1964,,,,,,,,,,,
1965,,,,,,,,,,,
1966,,,,,,,,,,,
1967,,,,,,,,,,,
1968,,,,,,,,,,,
1969,,,,,,,,,,,
1970,,,,,,,,,,,
1971,,,,,,,,,,,
1972,,,,,,,,,,,
1973,,,,,,,,,,,
1974,,,,,,,,,,,
1975,,,,,,,,,,,
1976,,,,,,,,,,,
1977,,,,,,,,,,,
1978,,,,,,,,,,,
1979,,,,,,,,,,,
1980,,,,,,,,,,,
1981,,,,,,,,,,,
1982,,,,,,,,,,,
1983,,,,,,,,,,,
1984,,,,,,,,,,,
1985,,,,,,,,,,,
1986,,,,,,,,,,,
1987,,,,,,,,,,,
1988,,,,,,,,,,,
1989,,,,,,,,,,,
1990,,,,,,,,,,,
1991,,,,,,,,,,,
1992,,,,,,,,,,,
1993,,,,,,,,,,,
1994,,,,,,,,,,,
1995,,,,,,,,,,,
1996,,,,,,,,,,,
1997,,,,,,,,,,,
1998,,,,,,,,,,,
1999,,,,,,,,,,,
