# Sub Type ID #," Type ID #",Image
1,1,Portrait_RvR.dds
2,1,Portrait_RvR.dds
3,2,Portrait_Exploration.dds
5,6,Portrait_Cities.dds
6,6,Portrait_Cities.dds
13,9,Portrait_Guilds.dds
14,4,Portrait_Tradeskills.dds
15,4,Portrait_Tradeskills.dds
16,3,Portrait_Career.dds
18,9,Portrait_Guilds.dds
19,9,Portrait_Guilds.dds
20,7,Portrait_Casual.dds
21,3,Portrait_Pursuits.dds
22,7,Portrait_Casual.dds
23,7,Portrait_Casual.dds
24,5,Portrait_Bestiary.dds
25,1,Portrait_RvR.dds
26,5,Portrait_Bestiary.dds
27,3,Portrait_Career.dds
28,3,Portrait_Career.dds
29,7,Portrait_Casual.dds
30,1,Portrait_RvR.dds
31,1,Portrait_RvR.dds
32,3,Portrait_Career.dds
33,3,Portrait_Career.dds
34,3,Portrait_Exploration.dds
35,3,Portrait_Pursuits.dds
36,2,Portrait_Exploration.dds
37,2,Portrait_Exploration.dds
38,3,Portrait_Career.dds
39,3,Portrait_Career.dds
40,1,Portrait_RvR.dds
41,4,Portrait_Tradeskills.dds
42,4,Portrait_Tradeskills.dds
44,2,Portrait_Exploration.dds
45,11,Portrait_Career.dds
46,1,Portrait_RvR.dds
47,1,Portrait_RvR.dds
48,11,Portrait_Exploration.dds
49,11,Portrait_Exploration.dds
50,8,Portrait_Pursuits.dds
51,8,Portrait_Pursuits.dds
52,8,Portrait_Tradeskills.dds
53,2,Portrait_Exploration.dds
54,2,Portrait_Exploration.dds
55,2,Portrait_Exploration.dds
56,8,Portrait_Pursuits.dds
57,8,Portrait_Pursuits.dds
58,8,Portrait_Pursuits.dds
59,2,Portrait_Exploration.dds
60,8,Portrait_Pursuits.dds
61,8,Portrait_Pursuits.dds
62,8,Portrait_Pursuits.dds
63,8,Portrait_Pursuits.dds
64,2,Portrait_Exploration.dds
65,2,Portrait_Exploration.dds
66,2,Portrait_Exploration.dds
67,8,Portrait_Pursuits.dds
68,2,Portrait_Exploration.dds
69,8,Portrait_Pursuits.dds
70,8,Portrait_Pursuits.dds
71,2,Portrait_Exploration.dds
72,2,Portrait_Exploration.dds
73,8,Portrait_Pursuits.dds
74,2,Portrait_Exploration.dds
75,2,Portrait_Exploration.dds
76,2,Portrait_Exploration.dds
77,2,Portrait_Exploration.dds
78,8,Portrait_Pursuits.dds
79,8,Portrait_Pursuits.dds
80,8,Portrait_Pursuits.dds
81,2,Portrait_Exploration.dds
82,8,Portrait_Pursuits.dds
83,2,Portrait_Exploration.dds
84,8,Portrait_Pursuits.dds
85,8,Portrait_Pursuits.dds
86,8,Portrait_Pursuits.dds
87,8,Portrait_Pursuits.dds
88,2,Portrait_Exploration.dds
89,8,Portrait_Pursuits.dds
90,8,Portrait_Pursuits.dds
91,2,Portrait_Exploration.dds
92,8,Portrait_Pursuits.dds
93,8,Portrait_Pursuits.dds
94,8,Portrait_Pursuits.dds
95,2,Portrait_Exploration.dds
96,2,Portrait_Exploration.dds
97,8,Portrait_Pursuits.dds
98,2,Portrait_Exploration.dds
99,8,Portrait_Pursuits.dds
100,8,Portrait_Pursuits.dds
101,8,Portrait_Pursuits.dds
102,10,Portrait_Exploration.dds
103,10,Portrait_Exploration.dds
104,10,Portrait_Exploration.dds
105,10,EA_TomeLiveEvent02_d5.dds
106,10,Portrait_Exploration.dds
107,10,keg_end.dds
108,10,murder_night.dds
109,10,EA_TomeLiveEvent04_d5.dds
110,10,EA_TomeLiveEvent05_d5.dds
111,10,EA_TomeLiveEvent06_d5.dds
112,10,EA_TomeLiveEvent07_d5.dds
113,10,EA_TomeLiveEvent09_d5.dds
114,10,EA_TomeLiveEvent10_d5.dds
115,10,EA_TomeLiveEvent11_d5.dds
116,10,EA_TomeLiveEvent12_d5.dds
117,10,EA_TomeLiveEvent13_d5.dds
118,10,EA_TomeLiveEvent13_d5.dds
119,10,EA_TomeLiveEvent13_d5.dds
175,1,Portrait_RvR.dds
176,3,Portrait_Career.dds
177,2,Portrait_Exploration.dds
178,2,Portrait_Exploration.dds
179,12,
180,13,
181,11,Portrait_Exploration.dds
182,2,Portrait_Exploration.dds
